mode,epoch,step,train/loss
train,1,1,0.32954568657917027
train,1,2,0.3603169588838763
train,1,3,0.3252641639261217
train,1,4,0.35062395039273614
train,1,5,0.42310063550086746
train,1,6,0.3405740734078359
train,1,7,0.28494390687953364
train,1,8,0.2768437675002522
train,1,9,0.34128629497681434
train,1,10,0.29019511643128304
train,1,11,0.3343228194258948
train,1,12,0.3280288872932311
train,1,13,0.24617030523584224
train,1,14,0.21767339698484617
train,1,15,0.28937270116759495
train,1,16,0.15818842227456603
train,1,17,0.2932490482570281
train,1,18,0.23777617584158212
train,1,19,0.24921794505030448
train,1,20,0.2786872317735892
train,1,21,0.22955503680539863
train,1,22,0.3473082735366294
train,1,23,0.3251218117198281
train,1,24,0.26603883543959406
train,1,25,0.2425686569257213
train,1,26,0.2081548153474504
train,1,27,0.20076593729805847
train,1,28,0.2937709717066812
train,1,29,0.2766078472269664
train,1,30,0.23963938567904652
train,1,31,0.2951497220333943
train,1,32,0.34620844035048054
train,1,33,0.2711228611468547
train,1,34,0.3310408114617533
train,1,35,0.327280352672
train,1,36,0.18021662912217554
train,1,37,0.21792968891362946
train,1,38,0.22903715036962047
train,1,39,0.31040969356482934
train,1,40,0.26149246442220236
train,1,41,0.27773891701939235
train,1,42,0.3145611024330551
train,1,43,0.3506960014799483
train,1,44,0.2904379003999803
train,1,45,0.2450846105743522
train,1,46,0.22909674239521272
train,1,47,0.2537147144557041
train,1,48,0.2321953045464139
train,1,49,0.2892113740157381
train,1,50,0.268093895660445
train,1,51,0.3769304792908496
train,1,52,0.33830898124175635
train,1,53,0.25867254364825415
train,1,54,0.2870564108236892
train,1,55,0.2755219807682945
train,1,56,0.24917805724204348
train,1,57,0.2714861322874378
train,1,58,0.3266320322923206
train,1,59,0.3476533198794926
train,1,60,0.19528298774569058
train,1,61,0.326639054034078
train,1,62,0.28695815555975807
train,1,63,0.2749534604596076
train,1,64,0.34327666949879554
train,1,65,0.23182637098857317
train,1,66,0.26926137857068794
train,1,67,0.3825016081658933
train,1,68,0.24699109357634802
train,1,69,0.2917129996305526
train,1,70,0.28078384736029743
train,1,71,0.2409290610122436
train,1,72,0.27375585127280466
train,1,73,0.3636893419385149
train,1,74,0.26732083575940624
train,1,75,0.2661201717293424
train,1,76,0.24708988834026638
train,1,77,0.304597231117015
train,1,78,0.304456881607972
train,1,79,0.3575222335378945
train,1,80,0.23536268562364196
train,1,81,0.21340486838112882
train,1,82,0.22435852262607586
train,1,83,0.28502677163030277
train,1,84,0.26115171364645884
train,1,85,0.3147330516072734
train,1,86,0.23767449868533846
train,1,87,0.3633308172792876
train,1,88,0.22479653458596313
train,1,89,0.2520892584647217
train,1,90,0.2700760810546562
train,1,91,0.27277298788497517
train,1,92,0.22557927883711465
train,1,93,0.3619348579226705
train,1,94,0.1689151213389925
train,1,95,0.44765948146966034
train,1,96,0.20709826324628142
train,1,97,0.2088848289617003
train,1,98,0.2572240540421443
train,1,99,0.2495570240061654
train,1,100,0.24956454718372462
train,1,101,0.27866898797706163
train,1,102,0.25675469052082356
train,1,103,0.2970149090291557
train,1,104,0.24280552303778177
train,1,105,0.29522115789606707
train,1,106,0.34452048135495483
train,1,107,0.34580452109456017
train,1,108,0.20861021072449853
train,1,109,0.2950874976580906
train,1,110,0.2604710168203587
train,1,111,0.25856976917707586
train,1,112,0.3575264773689246
train,1,113,0.23361756994487265
train,1,114,0.22343652389542898
train,1,115,0.30582296234614276
train,1,116,0.19656683483078574
train,1,117,0.2735730759752868
train,1,118,0.27778013073905905
train,1,119,0.2291348018773086
train,1,120,0.2687874527722168
train,1,121,0.21458494531691935
train,1,122,0.2681904746625614
train,1,123,0.19726981321791656
train,1,124,0.2350522395964442
train,1,125,0.289680604713491
train,1,126,0.3047139035901294
train,1,127,0.33338257269002614
train,1,128,0.23921307835842184
train,1,129,0.37182239841556325
train,1,130,0.26816093178099887
train,1,131,0.2332188236706256
train,1,132,0.22231809161909816
train,1,133,0.22013039643351529
train,1,134,0.27761959762765154
train,1,135,0.29443757651950914
train,1,136,0.24569879339787853
train,1,137,0.23853092825810748
train,1,138,0.29992615632847
train,1,139,0.2377880792654121
train,1,140,0.22584565811550478
train,1,141,0.28239450379935793
train,1,142,0.2535676894796883
train,1,143,0.2647865931585943
train,1,144,0.2614247996366335
train,1,145,0.2704922320939004
train,1,146,0.19593730319199373
train,1,147,0.2561786752140065
train,1,148,0.18972413071001726
train,1,149,0.25001114895286136
train,1,150,0.23337565902698706
train,1,151,0.3122296128741371
train,1,152,0.2746533128830928
train,1,153,0.1926540134267054
train,1,154,0.24674864857444467
train,1,155,0.37747092071852156
train,1,156,0.21977221389229193
train,1,157,0.3122685239838164
train,1,158,0.27392606368056277
train,1,159,0.26345652012555193
train,1,160,0.3421067216326038
train,1,161,0.3023736932089885
train,1,162,0.32747532015375375
train,1,163,0.3092190430711803
train,1,164,0.3040618366195371
train,1,165,0.19978124729820573
train,2,1,0.28947632642636656
train,2,2,0.3114595849247415
train,2,3,0.23420362438708464
train,2,4,0.21822372604583487
train,2,5,0.23427108159375584
train,2,6,0.23804048439406839
train,2,7,0.2620321927253524
train,2,8,0.260617364683995
train,2,9,0.2420681606347219
train,2,10,0.23692168510286754
train,2,11,0.28406508290677507
train,2,12,0.2179116709556152
train,2,13,0.3174263174822515
train,2,14,0.22057645313637114
train,2,15,0.2630168798158487
train,2,16,0.23930793067212208
train,2,17,0.2963424133387471
train,2,18,0.2482729479749881
train,2,19,0.2697291712603042
train,2,20,0.24137420073473476
train,2,21,0.21898661009705545
train,2,22,0.1993169237343967
train,2,23,0.33616312819144883
train,2,24,0.23612023460267934
train,2,25,0.2525655019887596
train,2,26,0.2817468152242254
train,2,27,0.20721018125887172
train,2,28,0.22548890500918112
train,2,29,0.23188193248808706
train,2,30,0.23576602386104542
train,2,31,0.26751517283801163
train,2,32,0.3023174958306734
train,2,33,0.24774669343343886
train,2,34,0.2575070559868454
train,2,35,0.36335907652193605
train,2,36,0.28889154285947316
train,2,37,0.21920419930746177
train,2,38,0.2886571795162059
train,2,39,0.2741626956682762
train,2,40,0.2696544227726878
train,2,41,0.3356918081046446
train,2,42,0.25971947567516107
train,2,43,0.21499527852498607
train,2,44,0.22411675372337744
train,2,45,0.26555317422106695
train,2,46,0.21279788635681232
train,2,47,0.26705394839256663
train,2,48,0.3030734593766289
train,2,49,0.2372818234331426
train,2,50,0.2484033359306476
train,2,51,0.2324078221664643
train,2,52,0.3556203951782946
train,2,53,0.26051644111563804
train,2,54,0.3279093802792795
train,2,55,0.36206469399240987
train,2,56,0.25689521973757345
train,2,57,0.34062333712380843
train,2,58,0.21218250174675551
train,2,59,0.2674137212311424
train,2,60,0.22020029934641994
train,2,61,0.17443383789197545
train,2,62,0.16652778648430144
train,2,63,0.1949566381428618
train,2,64,0.3973259182974184
train,2,65,0.24771376585491886
train,2,66,0.2834530325933475
train,2,67,0.34893519431907843
train,2,68,0.21589061890446015
train,2,69,0.25457619368763096
train,2,70,0.25539910626270124
train,2,71,0.20047572068314892
train,2,72,0.27538824652468397
train,2,73,0.2035165301533684
train,2,74,0.20749166948391623
train,2,75,0.16843654918303425
train,2,76,0.20339496211632951
train,2,77,0.2663576575872531
train,2,78,0.2643372708495469
train,2,79,0.33818144528573735
train,2,80,0.25710591769845087
train,2,81,0.20680266637235656
train,2,82,0.2597651928321331
train,2,83,0.35004730715436017
train,2,84,0.2651071797683491
train,2,85,0.1924333946954295
train,2,86,0.3043623840860814
train,2,87,0.248262641450404
train,2,88,0.22436105005879836
train,2,89,0.33136825180147605
train,2,90,0.31565104652056875
train,2,91,0.20539781977775937
train,2,92,0.22162722143958594
train,2,93,0.22910422425489324
train,2,94,0.29614250213567755
train,2,95,0.2518987533948558
train,2,96,0.250523898771553
train,2,97,0.19976261389467587
train,2,98,0.29683921293665794
train,2,99,0.2507463029337442
train,2,100,0.20148405929235683
train,2,101,0.2447224608320402
train,2,102,0.28618897794339493
train,2,103,0.19540387331612025
train,2,104,0.3487050715132519
train,2,105,0.3123607440864555
train,2,106,0.2069960626023807
train,2,107,0.14919656026667288
train,2,108,0.2367242452716805
train,2,109,0.32858264923921643
train,2,110,0.2796762593864671
train,2,111,0.21886096765184282
train,2,112,0.26625702713528393
train,2,113,0.20325983420077662
train,2,114,0.27519591464521237
train,2,115,0.2197686424497246
train,2,116,0.4029008794903094
train,2,117,0.2559924696496161
train,2,118,0.2500017528501355
train,2,119,0.2313747433642364
train,2,120,0.2524697660322623
train,2,121,0.3259524046722831
train,2,122,0.20821865589495578
train,2,123,0.20327471039913106
train,2,124,0.2957142051049613
train,2,125,0.3123722296390973
train,2,126,0.236375685758312
train,2,127,0.3523047511186224
train,2,128,0.2104272870561386
train,2,129,0.3137706623405203
train,2,130,0.2532943236738549
train,2,131,0.34393542946261235
train,2,132,0.2563906001844275
train,2,133,0.3172008681818245
train,2,134,0.2602429569611557
train,2,135,0.24627719335134418
train,2,136,0.24266549099046772
train,2,137,0.2509445394751025
train,2,138,0.3243901662293037
train,2,139,0.27641863057747296
train,2,140,0.28932580218976395
train,2,141,0.29010680606426326
train,2,142,0.3038536280891857
train,2,143,0.3894727178688452
train,2,144,0.21417954586597787
train,2,145,0.2686296667930445
train,2,146,0.21531624524338638
train,2,147,0.31688734451448086
train,2,148,0.23059287160583783
train,2,149,0.2950355264657082
train,2,150,0.30252544361779093
train,2,151,0.25166431371517206
train,2,152,0.22269264405551942
train,2,153,0.23446502764910498
train,2,154,0.30448732017960356
train,2,155,0.28393616244434694
train,2,156,0.26835097265656416
train,2,157,0.20244781694227276
train,2,158,0.2705403116559868
train,2,159,0.27357216897766634
train,2,160,0.1993572227319716
train,2,161,0.2622407520592362
train,2,162,0.3808126617315758
train,2,163,0.22670782762693137
train,2,164,0.28584970466727955
train,2,165,0.2436924157807948
train,3,1,0.25374458826966306
train,3,2,0.18850900044538668
train,3,3,0.27665779805695545
train,3,4,0.26471806873315235
train,3,5,0.29028533783315097
train,3,6,0.2284520313826957
train,3,7,0.29891637995390746
train,3,8,0.24043121548465193
train,3,9,0.2865445683531897
train,3,10,0.2765562229239628
train,3,11,0.20534072698265124
train,3,12,0.24231813831362986
train,3,13,0.2867101831193119
train,3,14,0.26259733964542087
train,3,15,0.19107039555862954
train,3,16,0.26726183517708896
train,3,17,0.2570107692472544
train,3,18,0.2568742037438764
train,3,19,0.23608936185908783
train,3,20,0.2897517710041062
train,3,21,0.22377182680423297
train,3,22,0.30855429123172784
train,3,23,0.2660736854509971
train,3,24,0.2204685109944903
train,3,25,0.20171060607729382
train,3,26,0.2607649984909732
train,3,27,0.2482867891269066
train,3,28,0.28355129993513345
train,3,29,0.19001383698710606
train,3,30,0.21650258748059845
train,3,31,0.2151106487615562
train,3,32,0.2764016475523942
train,3,33,0.17488468849148028
train,3,34,0.20119094524177283
train,3,35,0.19401813038410703
train,3,36,0.28360533755025236
train,3,37,0.25137284694831413
train,3,38,0.18873714270577072
train,3,39,0.2713911758812266
train,3,40,0.1988877128195617
train,3,41,0.23972318410908944
train,3,42,0.2451710729791855
train,3,43,0.3493922220021982
train,3,44,0.29361199004178007
train,3,45,0.2007475301584878
train,3,46,0.22455324244692526
train,3,47,0.20403311903982865
train,3,48,0.23112732032423947
train,3,49,0.28617074540414306
train,3,50,0.301046796969031
train,3,51,0.24303883808966398
train,3,52,0.24818255325701694
train,3,53,0.2369438212939929
train,3,54,0.25327550585785724
train,3,55,0.21062882178226025
train,3,56,0.23139320208038494
train,3,57,0.28924902918936035
train,3,58,0.2427755702054487
train,3,59,0.26190844190926627
train,3,60,0.26502634383684964
train,3,61,0.24332584780712246
train,3,62,0.30089107360974865
train,3,63,0.41299233749798153
train,3,64,0.1897426769035076
train,3,65,0.26600525131773867
train,3,66,0.29813178538766383
train,3,67,0.24310380289775432
train,3,68,0.28967164444475935
train,3,69,0.24225221218402795
train,3,70,0.2350240484039527
train,3,71,0.24343059940035242
train,3,72,0.25690106251175276
train,3,73,0.2662807811260176
train,3,74,0.32047854048320407
train,3,75,0.23094530433032248
train,3,76,0.24044573782730302
train,3,77,0.26666128388423926
train,3,78,0.31587808357724895
train,3,79,0.31339558734897854
train,3,80,0.25676440106040554
train,3,81,0.3016801595577414
train,3,82,0.17220807861186974
train,3,83,0.3853395616330487
train,3,84,0.2833852906863859
train,3,85,0.2661385047801258
train,3,86,0.3119780746814776
train,3,87,0.22036614087114204
train,3,88,0.3507980926916287
train,3,89,0.185397702105693
train,3,90,0.25190956554476196
train,3,91,0.23068381235236635
train,3,92,0.22340154729597653
train,3,93,0.29573525614047874
train,3,94,0.24718434551067572
train,3,95,0.24312777580261621
train,3,96,0.22299693839847187
train,3,97,0.293877716381718
train,3,98,0.27833846085208236
train,3,99,0.21284821296491138
train,3,100,0.22086023441037644
train,3,101,0.25696671029002394
train,3,102,0.16608079709323822
train,3,103,0.28981782643926696
train,3,104,0.21784554056996724
train,3,105,0.21297367902916772
train,3,106,0.27066361314586945
train,3,107,0.27756840021210427
train,3,108,0.2790568729958284
train,3,109,0.2268683397031613
train,3,110,0.33940514413983236
train,3,111,0.1771625632083731
train,3,112,0.3444443692806099
train,3,113,0.2877005589934749
train,3,114,0.2509645469683532
train,3,115,0.19185839720728073
train,3,116,0.27304519364322266
train,3,117,0.2092897173043558
train,3,118,0.3157218566546007
train,3,119,0.19890429762627276
train,3,120,0.23486751199155617
train,3,121,0.2583268172025366
train,3,122,0.2296599892520406
train,3,123,0.23702844398948614
train,3,124,0.2634173281893944
train,3,125,0.19824708670729296
train,3,126,0.2667112440536568
train,3,127,0.24503830341639082
train,3,128,0.1976720610946256
train,3,129,0.20386614863027092
train,3,130,0.2721319714076557
train,3,131,0.23552783504707592
train,3,132,0.28925091215219156
train,3,133,0.25486680117022453
train,3,134,0.24564724653024034
train,3,135,0.24581568708072074
train,3,136,0.23105512057962688
train,3,137,0.27692891223742083
train,3,138,0.24371275687841243
train,3,139,0.21341494850948747
train,3,140,0.2851562857424158
train,3,141,0.25459192638952866
train,3,142,0.2315664620143111
train,3,143,0.2604925346012314
train,3,144,0.31608088678975343
train,3,145,0.27072964822041845
train,3,146,0.29299448856577426
train,3,147,0.21948254948015355
train,3,148,0.22586608618739829
train,3,149,0.18365177324433024
train,3,150,0.2148818076482692
train,3,151,0.23602194608818086
train,3,152,0.20851977535189825
train,3,153,0.2136373498370049
train,3,154,0.2955859680253472
train,3,155,0.29623589880659906
train,3,156,0.2008003944704363
train,3,157,0.3242703970339795
train,3,158,0.2431563844256195
train,3,159,0.26909383138087195
train,3,160,0.4300295170584715
train,3,161,0.3053952073172596
train,3,162,0.24612292894320192
train,3,163,0.26125354363318387
train,3,164,0.21068762812924358
train,3,165,0.2600668915772718
train,4,1,0.2828404132073911
train,4,2,0.21284655861977533
train,4,3,0.20512682572032423
train,4,4,0.22206039609336026
train,4,5,0.24041352180324838
train,4,6,0.21989944152953336
train,4,7,0.3072905064079966
train,4,8,0.1959461610376049
train,4,9,0.25322118824235385
train,4,10,0.21559177431463247
train,4,11,0.26820833755279955
train,4,12,0.2579972059633101
train,4,13,0.2836775952327241
train,4,14,0.16079696658428821
train,4,15,0.21634509658848977
train,4,16,0.24615568126274426
train,4,17,0.18698493804922767
train,4,18,0.2175139965584735
train,4,19,0.2959954410272033
train,4,20,0.1850733457156506
train,4,21,0.2475096219842479
train,4,22,0.24376339150555992
train,4,23,0.17730563591069665
train,4,24,0.22409878732590394
train,4,25,0.289244788728246
train,4,26,0.1885059050096455
train,4,27,0.2727470377253233
train,4,28,0.24217016507941092
train,4,29,0.3319825033046414
train,4,30,0.1862114937167022
train,4,31,0.25703150897758453
train,4,32,0.2389674329547784
train,4,33,0.19305144474792305
train,4,34,0.1728304874412258
train,4,35,0.19530048338278916
train,4,36,0.2686294513489433
train,4,37,0.25456001052406596
train,4,38,0.16671860565244845
train,4,39,0.2920767139123891
train,4,40,0.29237760270609686
train,4,41,0.1753060145223233
train,4,42,0.2918014158396351
train,4,43,0.3402138264578022
train,4,44,0.22294601375985015
train,4,45,0.350934708003656
train,4,46,0.2045128724594652
train,4,47,0.277453556221139
train,4,48,0.23929688756457637
train,4,49,0.1839707910171644
train,4,50,0.30871407674378526
train,4,51,0.28346579907773195
train,4,52,0.2611387465690656
train,4,53,0.25590726534990893
train,4,54,0.240922497954848
train,4,55,0.22458385160184843
train,4,56,0.18078521512201612
train,4,57,0.2514552525383404
train,4,58,0.30716383225777694
train,4,59,0.2479785062947248
train,4,60,0.3670005749067037
train,4,61,0.21484219791070963
train,4,62,0.22218104781530632
train,4,63,0.19271697190732062
train,4,64,0.24330199764090962
train,4,65,0.20286432242843427
train,4,66,0.32116305930164546
train,4,67,0.24431847929776812
train,4,68,0.22971527694516938
train,4,69,0.23901797766744987
train,4,70,0.2611823440367529
train,4,71,0.24461405595003566
train,4,72,0.2134120003970839
train,4,73,0.241131405095329
train,4,74,0.22713505293163477
train,4,75,0.2688503153615367
train,4,76,0.2524564099468708
train,4,77,0.3015780110227836
train,4,78,0.3066201926580202
train,4,79,0.24635157558578386
train,4,80,0.2260715033725103
train,4,81,0.18615505498991403
train,4,82,0.24233738887651585
train,4,83,0.19888068579429918
train,4,84,0.25461276591179915
train,4,85,0.2327601283566766
train,4,86,0.2575309103388088
train,4,87,0.211533019102169
train,4,88,0.22016181865592957
train,4,89,0.19711038388148472
train,4,90,0.1996832679011918
train,4,91,0.2155079683994075
train,4,92,0.18557105047058348
train,4,93,0.22138889980535842
train,4,94,0.2543417947764855
train,4,95,0.1966470154788051
train,4,96,0.22196231405001482
train,4,97,0.2553175113815413
train,4,98,0.2993509873184308
train,4,99,0.2649121979213299
train,4,100,0.2094478710942483
train,4,101,0.24597524718808947
train,4,102,0.23182840844988759
train,4,103,0.27699676213574964
train,4,104,0.23848274500133584
train,4,105,0.24811181352536113
train,4,106,0.23051845520650618
train,4,107,0.28521698003133306
train,4,108,0.19615618838518417
train,4,109,0.24544530050292826
train,4,110,0.21110541149146703
train,4,111,0.23615070417577305
train,4,112,0.26668113548665207
train,4,113,0.24495882526577964
train,4,114,0.33890171070689035
train,4,115,0.2308038443317351
train,4,116,0.23549450951656675
train,4,117,0.2478111740982197
train,4,118,0.2769237190284763
train,4,119,0.3321392592528499
train,4,120,0.34474814500095297
train,4,121,0.22669660595317964
train,4,122,0.3601717077397936
train,4,123,0.2838337425971733
train,4,124,0.30997977983770814
train,4,125,0.25362852158916027
train,4,126,0.24506796345549536
train,4,127,0.2255600931619995
train,4,128,0.24274164191837214
train,4,129,0.25795776074549026
train,4,130,0.21628923914799708
train,4,131,0.25075649253524945
train,4,132,0.3116743455708398
train,4,133,0.24824402169289586
train,4,134,0.15832039406147402
train,4,135,0.29923104234990094
train,4,136,0.2209648820071684
train,4,137,0.23991236720035827
train,4,138,0.2669134131079001
train,4,139,0.2756041306659187
train,4,140,0.2331807634054354
train,4,141,0.26904361939946253
train,4,142,0.24206342901450187
train,4,143,0.25820207244793714
train,4,144,0.2017930214572607
train,4,145,0.23979027733631614
train,4,146,0.2727428135075194
train,4,147,0.2529735736610832
train,4,148,0.21678420001613788
train,4,149,0.3078161433135108
train,4,150,0.22154712797708606
train,4,151,0.26107693902036433
train,4,152,0.2159314642474883
train,4,153,0.28557533655935063
train,4,154,0.18299475862921033
train,4,155,0.302784020666333
train,4,156,0.237612861002871
train,4,157,0.23730307694736855
train,4,158,0.16071822540453146
train,4,159,0.22243093394300373
train,4,160,0.2691751866312021
train,4,161,0.22962222177643501
train,4,162,0.2643699039015955
train,4,163,0.26077284792355837
train,4,164,0.3046193586662636
train,4,165,0.21333018068499726
train,5,1,0.20059617341964192
train,5,2,0.2291469003884934
train,5,3,0.2140645857325145
train,5,4,0.1760739219116929
train,5,5,0.23476610086083655
train,5,6,0.17772105271850336
train,5,7,0.2331417292095673
train,5,8,0.2507258724329363
train,5,9,0.2582487510450673
train,5,10,0.1689405459668622
train,5,11,0.1492774803593878
train,5,12,0.20373172068028741
train,5,13,0.2781086552889708
train,5,14,0.2827105987148969
train,5,15,0.24182343350018431
train,5,16,0.28678731915486577
train,5,17,0.19459349229904027
train,5,18,0.23661355211893623
train,5,19,0.24696535187060362
train,5,20,0.2519166127817169
train,5,21,0.31854625179893337
train,5,22,0.16888450464655513
train,5,23,0.23891221880930358
train,5,24,0.18542921481500105
train,5,25,0.24446089067108184
train,5,26,0.22977407267320915
train,5,27,0.26854536581040644
train,5,28,0.2447862366082449
train,5,29,0.2284227146484069
train,5,30,0.23124671071076494
train,5,31,0.25955773278872507
train,5,32,0.1788218992364619
train,5,33,0.2070403303469398
train,5,34,0.2665362380619185
train,5,35,0.2522704745079056
train,5,36,0.21671265638072001
train,5,37,0.2225565066168745
train,5,38,0.19231405599793727
train,5,39,0.20254549840921227
train,5,40,0.2946417441463789
train,5,41,0.18823746541131187
train,5,42,0.33647241475261624
train,5,43,0.2803666082030979
train,5,44,0.2798491826494565
train,5,45,0.24330941547932286
train,5,46,0.2831456888292425
train,5,47,0.26687727193227095
train,5,48,0.21377364419889913
train,5,49,0.2307430603095291
train,5,50,0.3167038856224974
train,5,51,0.23715500981928883
train,5,52,0.31013061419721477
train,5,53,0.23228015161273716
train,5,54,0.24157030180688818
train,5,55,0.18701052935927504
train,5,56,0.24505582447618152
train,5,57,0.2026220871718737
train,5,58,0.2690891638259945
train,5,59,0.23674669064138754
train,5,60,0.26064530061714897
train,5,61,0.2499934426852993
train,5,62,0.21958458577847606
train,5,63,0.24079509787506603
train,5,64,0.25410315047724513
train,5,65,0.14116475295305533
train,5,66,0.20031068918687894
train,5,67,0.2773807188892083
train,5,68,0.17660229670170124
train,5,69,0.21793055294046296
train,5,70,0.23054380472920905
train,5,71,0.2615566330055471
train,5,72,0.24402188316978485
train,5,73,0.21753867624913747
train,5,74,0.18759378634885943
train,5,75,0.232480517997965
train,5,76,0.26801279600292244
train,5,77,0.14856639991004447
train,5,78,0.19928761632942765
train,5,79,0.2352410832695541
train,5,80,0.271341991814025
train,5,81,0.25443342430624194
train,5,82,0.22008764203745293
train,5,83,0.2390580002654804
train,5,84,0.2548186852333846
train,5,85,0.2016966202732417
train,5,86,0.29486685544507585
train,5,87,0.21499326562835214
train,5,88,0.2327835444715799
train,5,89,0.2419960366498301
train,5,90,0.23659881401899435
train,5,91,0.3528190557328661
train,5,92,0.204288172890267
train,5,93,0.23828633815411007
train,5,94,0.2421598578503261
train,5,95,0.2749313681381173
train,5,96,0.17804663402234672
train,5,97,0.27938478559128976
train,5,98,0.27415601458660593
train,5,99,0.20807768384051112
train,5,100,0.29497177640777594
train,5,101,0.20880403538039316
train,5,102,0.2623013543639471
train,5,103,0.25649691446101286
train,5,104,0.2668198149972885
train,5,105,0.287829665444241
train,5,106,0.2852170878303403
train,5,107,0.30128664281927736
train,5,108,0.3465502965206646
train,5,109,0.25359898510330137
train,5,110,0.2597632890797127
train,5,111,0.18592599047735528
train,5,112,0.2730902273449942
train,5,113,0.260610234478308
train,5,114,0.2140575424596444
train,5,115,0.207316205086159
train,5,116,0.2104487959748411
train,5,117,0.2663133769420928
train,5,118,0.18767444832714542
train,5,119,0.2237102743887995
train,5,120,0.32061749646899396
train,5,121,0.1848115625206143
train,5,122,0.25690302704864976
train,5,123,0.31641348158027605
train,5,124,0.23073821225255756
train,5,125,0.2969469974361111
train,5,126,0.25625885561314454
train,5,127,0.18777912944466274
train,5,128,0.23627693159239976
train,5,129,0.22376446591335716
train,5,130,0.23324774685118965
train,5,131,0.28798511856963616
train,5,132,0.23310917877665405
train,5,133,0.3423751804497256
train,5,134,0.23378507143062519
train,5,135,0.2219165968151851
train,5,136,0.23732606980182852
train,5,137,0.39004001361789875
train,5,138,0.32560667483910677
train,5,139,0.24750970593215305
train,5,140,0.24606895185689578
train,5,141,0.21244431486138188
train,5,142,0.3375411471115811
train,5,143,0.17087003116688515
train,5,144,0.2306999360924041
train,5,145,0.22710509352349317
train,5,146,0.2641684163408381
train,5,147,0.3125492476695353
train,5,148,0.2461883300298064
train,5,149,0.25695499394241905
train,5,150,0.25477056734390563
train,5,151,0.23652569243541235
train,5,152,0.21206349969002838
train,5,153,0.24136682646789007
train,5,154,0.2824349941980858
train,5,155,0.19213145163374828
train,5,156,0.26486178276146355
train,5,157,0.22069058740123837
train,5,158,0.25173446984313547
train,5,159,0.21087346611802327
train,5,160,0.22113872860412315
train,5,161,0.3193723201822307
train,5,162,0.24687562361501542
train,5,163,0.28565153309008084
train,5,164,0.26792405495338295
train,5,165,0.3241994230741543
train,6,1,0.19219024842537263
train,6,2,0.20110446784651026
train,6,3,0.21294352346870074
train,6,4,0.21075544922410294
train,6,5,0.2054221682935643
train,6,6,0.2230621249837777
train,6,7,0.22360528203640814
train,6,8,0.3430463022495877
train,6,9,0.17576891174417963
train,6,10,0.17329210296171
train,6,11,0.193110133637802
train,6,12,0.22623285872452528
train,6,13,0.25699350572746626
train,6,14,0.2559184761531006
train,6,15,0.20795074855154916
train,6,16,0.2889392426799546
train,6,17,0.165709112040556
train,6,18,0.24517896224888616
train,6,19,0.20279137214242846
train,6,20,0.20585885761902223
train,6,21,0.23529063439447995
train,6,22,0.21641850586156774
train,6,23,0.21193805944289795
train,6,24,0.24762277695573426
train,6,25,0.16258884416221014
train,6,26,0.2230676929416608
train,6,27,0.24333265240714697
train,6,28,0.26555848643329893
train,6,29,0.1853742186778935
train,6,30,0.17519130271758704
train,6,31,0.2505046137347269
train,6,32,0.28056322514256415
train,6,33,0.18178683902454223
train,6,34,0.277854295023368
train,6,35,0.23924957314914283
train,6,36,0.3056075783710401
train,6,37,0.2618688262068499
train,6,38,0.2161033453768641
train,6,39,0.2046397787481669
train,6,40,0.34746947167996856
train,6,41,0.2961342542783749
train,6,42,0.21920617717558677
train,6,43,0.19682438957464887
train,6,44,0.27742797192412993
train,6,45,0.26158384529753465
train,6,46,0.22041588834361386
train,6,47,0.22115726286055637
train,6,48,0.21759863700820903
train,6,49,0.2688466287413682
train,6,50,0.2051000803503282
train,6,51,0.1781023136504851
train,6,52,0.23876346629041972
train,6,53,0.2242451509199269
train,6,54,0.24281095073878098
train,6,55,0.2185996718265451
train,6,56,0.1644843085934693
train,6,57,0.16708237446855484
train,6,58,0.18335379836713098
train,6,59,0.24623350809875796
train,6,60,0.26314524197779426
train,6,61,0.2604617383517062
train,6,62,0.2458901043914571
train,6,63,0.20967676406039085
train,6,64,0.21618524381797344
train,6,65,0.166225157463148
train,6,66,0.23576323625927856
train,6,67,0.25389725598064716
train,6,68,0.2663997791341469
train,6,69,0.2415692434763942
train,6,70,0.27957026744112984
train,6,71,0.2339972436646357
train,6,72,0.22566211819329804
train,6,73,0.25803731808155506
train,6,74,0.2233720712713057
train,6,75,0.24391060603092266
train,6,76,0.22293465606057256
train,6,77,0.3185993164920503
train,6,78,0.2562124530586514
train,6,79,0.23706655054953635
train,6,80,0.19905388834234644
train,6,81,0.18130191065855833
train,6,82,0.24152746026433297
train,6,83,0.20354245705238122
train,6,84,0.27377862195759733
train,6,85,0.2459209465635035
train,6,86,0.21132916329253798
train,6,87,0.2268910023059908
train,6,88,0.2720030001679301
train,6,89,0.26362543444976605
train,6,90,0.27490664992068226
train,6,91,0.3090702212676021
train,6,92,0.2613539438510789
train,6,93,0.22378585824713737
train,6,94,0.17838266410413944
train,6,95,0.19366750144173112
train,6,96,0.30568634297576114
train,6,97,0.25128163435008505
train,6,98,0.22897485476445043
train,6,99,0.2136697164342476
train,6,100,0.341547749137988
train,6,101,0.24353636160335113
train,6,102,0.2727528658611432
train,6,103,0.3347355587666313
train,6,104,0.24463911705139674
train,6,105,0.2446298245263706
train,6,106,0.18902315355304056
train,6,107,0.23666183637497312
train,6,108,0.2060449517727943
train,6,109,0.1749066332597373
train,6,110,0.23286974702597527
train,6,111,0.2139762827615837
train,6,112,0.20093180447852396
train,6,113,0.325510525528888
train,6,114,0.18807374146476663
train,6,115,0.2418438382947734
train,6,116,0.2532268513466448
train,6,117,0.21109509498816528
train,6,118,0.22515535245636445
train,6,119,0.24022406365736118
train,6,120,0.21754301206543789
train,6,121,0.28181158935804607
train,6,122,0.23732855928816438
train,6,123,0.2352232080835861
train,6,124,0.22629175333906987
train,6,125,0.15935731544525975
train,6,126,0.27000698971185555
train,6,127,0.17889037526752033
train,6,128,0.338506234861487
train,6,129,0.27168577353894663
train,6,130,0.2178197761002416
train,6,131,0.234057921382127
train,6,132,0.2501513028126361
train,6,133,0.2430514589404411
train,6,134,0.22002910213024382
train,6,135,0.18131005434057834
train,6,136,0.26398041644676384
train,6,137,0.275868412353829
train,6,138,0.1760688578594665
train,6,139,0.2096356778268628
train,6,140,0.2094118564372302
train,6,141,0.25815379105166647
train,6,142,0.2465060269914786
train,6,143,0.21254342879952287
train,6,144,0.29883522485553093
train,6,145,0.28509460390608965
train,6,146,0.21299683145551024
train,6,147,0.22614707998509692
train,6,148,0.2941519994752334
train,6,149,0.26073100390084325
train,6,150,0.2154320401211645
train,6,151,0.2403971433836563
train,6,152,0.26557677885102016
train,6,153,0.17996307135204448
train,6,154,0.2594686394115757
train,6,155,0.16614035575821118
train,6,156,0.26409022255082165
train,6,157,0.20464273661739926
train,6,158,0.2119987390319037
train,6,159,0.25424508488526454
train,6,160,0.2822571651482312
train,6,161,0.2558723304492942
train,6,162,0.19514277459890728
train,6,163,0.29019504323779843
train,6,164,0.20744432867846613
train,6,165,0.20900271781124874
train,7,1,0.21115316374111595
train,7,2,0.2251046370372425
train,7,3,0.18314023656818845
train,7,4,0.21771107739296136
train,7,5,0.2903244833388789
train,7,6,0.1789120389129627
train,7,7,0.240225891740824
train,7,8,0.15865974782915732
train,7,9,0.2341339787948469
train,7,10,0.27750787101407015
train,7,11,0.26653032534988597
train,7,12,0.23390552622199115
train,7,13,0.18114038824027953
train,7,14,0.17001754525391888
train,7,15,0.2394128407281734
train,7,16,0.21258111980666713
train,7,17,0.1964896063440208
train,7,18,0.2761527696738095
train,7,19,0.2568503062692147
train,7,20,0.2357507630823577
train,7,21,0.20853825983302338
train,7,22,0.2594859323189829
train,7,23,0.19555549010179601
train,7,24,0.16322162549681513
train,7,25,0.24057489917761365
train,7,26,0.19585452522573188
train,7,27,0.21392088246991584
train,7,28,0.39544746963807076
train,7,29,0.21898325888253184
train,7,30,0.22059124815513045
train,7,31,0.24270831253505593
train,7,32,0.16624166891438497
train,7,33,0.17755306917233593
train,7,34,0.22728534763390212
train,7,35,0.19538642191229388
train,7,36,0.21812347992907347
train,7,37,0.22032326832621554
train,7,38,0.18593903872479933
train,7,39,0.24765690563350995
train,7,40,0.20391646362819588
train,7,41,0.2875352892027004
train,7,42,0.21513634715217386
train,7,43,0.21750616321618882
train,7,44,0.24362208691147416
train,7,45,0.20761547318754153
train,7,46,0.2372734221004708
train,7,47,0.22954913461436716
train,7,48,0.27148291066658214
train,7,49,0.2577118407282419
train,7,50,0.1746080451569548
train,7,51,0.23129913737807484
train,7,52,0.3063919705767153
train,7,53,0.2336317161943799
train,7,54,0.22978122904355486
train,7,55,0.1825248039985383
train,7,56,0.21485941771259476
train,7,57,0.2704788920390467
train,7,58,0.19924090929095198
train,7,59,0.1800271941239557
train,7,60,0.19862290621149645
train,7,61,0.3288066870937766
train,7,62,0.17847726209890646
train,7,63,0.22853417411177604
train,7,64,0.19367690501609675
train,7,65,0.22914262063851049
train,7,66,0.21292720145904542
train,7,67,0.30829048548373283
train,7,68,0.335265469487216
train,7,69,0.1926148966509583
train,7,70,0.2621477187477608
train,7,71,0.1926962259428905
train,7,72,0.16816467337090976
train,7,73,0.14709223245949088
train,7,74,0.24390397089955945
train,7,75,0.2270287640502323
train,7,76,0.2411339415063008
train,7,77,0.1996037955545198
train,7,78,0.2954131123331256
train,7,79,0.18596929360173586
train,7,80,0.180204717058358
train,7,81,0.16522552030237114
train,7,82,0.2647897318669134
train,7,83,0.25319026787755444
train,7,84,0.2227700325160441
train,7,85,0.19822163916639268
train,7,86,0.1769988628332843
train,7,87,0.32676765470579755
train,7,88,0.22860994709119237
train,7,89,0.26247421815059213
train,7,90,0.262562410983428
train,7,91,0.26179048729072374
train,7,92,0.2571682860456058
train,7,93,0.22174961222611325
train,7,94,0.15942815919952968
train,7,95,0.24852228666544288
train,7,96,0.18250019598376088
train,7,97,0.2627302716365713
train,7,98,0.16207082889822289
train,7,99,0.25393131075156394
train,7,100,0.20880200830664192
train,7,101,0.24696239664231226
train,7,102,0.20191438774077536
train,7,103,0.30398626407304064
train,7,104,0.22676391742711877
train,7,105,0.21769595265975905
train,7,106,0.2136817835367163
train,7,107,0.14029329636808974
train,7,108,0.2610144547675257
train,7,109,0.27924059141300583
train,7,110,0.21983945671580807
train,7,111,0.24916857746257498
train,7,112,0.2157232067494344
train,7,113,0.2103434477818438
train,7,114,0.266003598424233
train,7,115,0.2176251429818652
train,7,116,0.3187834435546786
train,7,117,0.23095779188720877
train,7,118,0.2536466354792271
train,7,119,0.20477710793893225
train,7,120,0.21018549619134128
train,7,121,0.21925217239202044
train,7,122,0.2193618279248781
train,7,123,0.26975096961307565
train,7,124,0.23940320600082166
train,7,125,0.16230426670182568
train,7,126,0.21860090216497075
train,7,127,0.2247951814765666
train,7,128,0.2729272248789309
train,7,129,0.27248150696442275
train,7,130,0.2782271601737547
train,7,131,0.23851269383626456
train,7,132,0.27004620277050656
train,7,133,0.2320572971099355
train,7,134,0.21870873182009637
train,7,135,0.20932605028680837
train,7,136,0.22978055112107876
train,7,137,0.22341719077636352
train,7,138,0.26635641532369925
train,7,139,0.22274773727641978
train,7,140,0.23724934304438522
train,7,141,0.21919039000257678
train,7,142,0.21978210394383213
train,7,143,0.20655059596259773
train,7,144,0.20439030105987366
train,7,145,0.23751499456809894
train,7,146,0.22462487399255768
train,7,147,0.23383926999842447
train,7,148,0.20664019117583726
train,7,149,0.29772371400123043
train,7,150,0.1952198014479618
train,7,151,0.22161845116694961
train,7,152,0.23254270398354687
train,7,153,0.1850912400972904
train,7,154,0.1605902335722882
train,7,155,0.24946868162710262
train,7,156,0.1947668540351412
train,7,157,0.274928296875276
train,7,158,0.29826093496348655
train,7,159,0.2250446009128677
train,7,160,0.196714532835298
train,7,161,0.17376196043134956
train,7,162,0.3664675453780716
train,7,163,0.20426152567797237
train,7,164,0.21557816036835967
train,7,165,0.2387697029801432
train,8,1,0.1827170461233566
train,8,2,0.16929723710014188
train,8,3,0.2574258275464585
train,8,4,0.22784659622225553
train,8,5,0.2507959694161136
train,8,6,0.21505815895544841
train,8,7,0.21101034925582407
train,8,8,0.19790297945404448
train,8,9,0.23975811657153318
train,8,10,0.17611125507555175
train,8,11,0.24750045132961473
train,8,12,0.17172709876311015
train,8,13,0.19594941202444116
train,8,14,0.2902978860555131
train,8,15,0.20091487409631456
train,8,16,0.2520921237955271
train,8,17,0.1800623574911062
train,8,18,0.20498704632633763
train,8,19,0.24401293599407042
train,8,20,0.26301748209926445
train,8,21,0.24962716763326523
train,8,22,0.270708352064681
train,8,23,0.2722545154149479
train,8,24,0.23059463685995907
train,8,25,0.20144399844346986
train,8,26,0.2463477348835748
train,8,27,0.1958645710274305
train,8,28,0.2532848662112096
train,8,29,0.22550275723463062
train,8,30,0.17358534010391544
train,8,31,0.2237168242168789
train,8,32,0.20458699397841315
train,8,33,0.1999127178984361
train,8,34,0.19216943770261097
train,8,35,0.2115871943948638
train,8,36,0.27124840983029014
train,8,37,0.1711297579189905
train,8,38,0.2183866723438026
train,8,39,0.18005662169054093
train,8,40,0.23815257353023406
train,8,41,0.22271773453802848
train,8,42,0.19150990246661775
train,8,43,0.19042847660697285
train,8,44,0.2736589231999273
train,8,45,0.1309541830835178
train,8,46,0.2092696019888459
train,8,47,0.1960664658915581
train,8,48,0.26870949118821086
train,8,49,0.19665342654044043
train,8,50,0.24697164840286412
train,8,51,0.18603266483044442
train,8,52,0.16030420201159506
train,8,53,0.20692457898021083
train,8,54,0.31129212376487625
train,8,55,0.23123013822335922
train,8,56,0.18978384800664688
train,8,57,0.20364183671424174
train,8,58,0.2510046702683497
train,8,59,0.26176082538171397
train,8,60,0.24138767182298268
train,8,61,0.23907862510468667
train,8,62,0.22991943301260098
train,8,63,0.20602031825164985
train,8,64,0.22602707948457304
train,8,65,0.19541844006676157
train,8,66,0.2396226852130398
train,8,67,0.26094415203923327
train,8,68,0.22267123794337607
train,8,69,0.274893058701817
train,8,70,0.2237701002641277
train,8,71,0.18427876466548107
train,8,72,0.24853109133736226
train,8,73,0.2505590172194709
train,8,74,0.1988940776988774
train,8,75,0.19362243058683284
train,8,76,0.30799170000022924
train,8,77,0.2675546228076341
train,8,78,0.27422659279797634
train,8,79,0.2553926981134532
train,8,80,0.2010313195735846
train,8,81,0.30471259407108886
train,8,82,0.2303928610295039
train,8,83,0.19448767831288194
train,8,84,0.2407704013100294
train,8,85,0.29131011940200924
train,8,86,0.2176639332137975
train,8,87,0.26703845719874125
train,8,88,0.21925489039497753
train,8,89,0.19774443206851466
train,8,90,0.17361088849813086
train,8,91,0.21998924318225394
train,8,92,0.20791152474715302
train,8,93,0.17928236209906206
train,8,94,0.19858654704964934
train,8,95,0.23266551194582522
train,8,96,0.2619228668200383
train,8,97,0.23037786672610144
train,8,98,0.19807927277932247
train,8,99,0.19742402291365926
train,8,100,0.27189149962371284
train,8,101,0.2004144337902739
train,8,102,0.18536391715322748
train,8,103,0.2316937398690651
train,8,104,0.19162821233441182
train,8,105,0.1562751671742939
train,8,106,0.2286939221039484
train,8,107,0.22653526898036877
train,8,108,0.22753700963788986
train,8,109,0.23519485255363606
train,8,110,0.24515921983792888
train,8,111,0.20502117961905875
train,8,112,0.19025898975753808
train,8,113,0.23693216168759815
train,8,114,0.24237756124505982
train,8,115,0.22235196875848182
train,8,116,0.23083522527164285
train,8,117,0.1984708783849689
train,8,118,0.2721265319640599
train,8,119,0.22601975238874913
train,8,120,0.17358019354826165
train,8,121,0.18767994529902648
train,8,122,0.24575443908993605
train,8,123,0.2503051799224139
train,8,124,0.16638677735278545
train,8,125,0.20173848835965869
train,8,126,0.20292493384935054
train,8,127,0.18193084866496814
train,8,128,0.22887538469614255
train,8,129,0.21215648691813527
train,8,130,0.2637574313153909
train,8,131,0.27868053072513765
train,8,132,0.2438977567815446
train,8,133,0.17222619184877674
train,8,134,0.18385428911920215
train,8,135,0.18770145237948277
train,8,136,0.23883251503277464
train,8,137,0.27246258289417846
train,8,138,0.24843016309786944
train,8,139,0.25419814316703115
train,8,140,0.24191262792005622
train,8,141,0.19686626189273992
train,8,142,0.2098815109387386
train,8,143,0.16405290885977217
train,8,144,0.21606131282813434
train,8,145,0.19831368510847466
train,8,146,0.22529057901948896
train,8,147,0.18263717189376094
train,8,148,0.2098318717038699
train,8,149,0.16484862565687675
train,8,150,0.2257053368272513
train,8,151,0.19688721038572163
train,8,152,0.16603507716418187
train,8,153,0.24624118697946928
train,8,154,0.2420255725476691
train,8,155,0.20011314168064967
train,8,156,0.330692469987416
train,8,157,0.30518968794477264
train,8,158,0.2375369474734995
train,8,159,0.24711866956648598
train,8,160,0.24819684549034765
train,8,161,0.20998221583881654
train,8,162,0.2519754916015782
train,8,163,0.1759095678479377
train,8,164,0.23880704096196875
train,8,165,0.23080550536237648
train,9,1,0.1729009304108015
train,9,2,0.20361024587003324
train,9,3,0.18396048443224877
train,9,4,0.17995002640764834
train,9,5,0.17676844385301838
train,9,6,0.2661903314164725
train,9,7,0.1917514757165566
train,9,8,0.17774952755676704
train,9,9,0.22137893452421797
train,9,10,0.18707006366305778
train,9,11,0.1974145027785505
train,9,12,0.25974606963279767
train,9,13,0.28991510920862723
train,9,14,0.169837977648534
train,9,15,0.2305833668111707
train,9,16,0.2445803976697734
train,9,17,0.18797223448297493
train,9,18,0.21006796343815126
train,9,19,0.18268192630742258
train,9,20,0.3006371669027572
train,9,21,0.2295166001136157
train,9,22,0.20944675245337416
train,9,23,0.2206691881215072
train,9,24,0.20395142054770754
train,9,25,0.1591972863076575
train,9,26,0.22465920906395578
train,9,27,0.21371807162762513
train,9,28,0.24366944697808096
train,9,29,0.22735219381748756
train,9,30,0.21946865531544538
train,9,31,0.20894134332631392
train,9,32,0.290544899248511
train,9,33,0.2452105499493673
train,9,34,0.1601919451578135
train,9,35,0.22605967582832867
train,9,36,0.25277633196707605
train,9,37,0.24660286877917292
train,9,38,0.20536284567160695
train,9,39,0.17429864817898366
train,9,40,0.2544427686078251
train,9,41,0.30271108145079567
train,9,42,0.27882550650179344
train,9,43,0.20206056985280188
train,9,44,0.21886746018444098
train,9,45,0.22514096124475236
train,9,46,0.15456671223663157
train,9,47,0.2687946166692473
train,9,48,0.2108308679651426
train,9,49,0.251132674057238
train,9,50,0.20631774421820526
train,9,51,0.20099890966902767
train,9,52,0.20816067818204587
train,9,53,0.17401018628517062
train,9,54,0.1833580129906765
train,9,55,0.26292189899698626
train,9,56,0.19160727146446943
train,9,57,0.28023292493933283
train,9,58,0.32169093624343786
train,9,59,0.18275047114450135
train,9,60,0.23432319435001947
train,9,61,0.20425296793966335
train,9,62,0.2523591589505152
train,9,63,0.286137852228388
train,9,64,0.29427539206181047
train,9,65,0.21347964344693937
train,9,66,0.23394287602202077
train,9,67,0.2045877975710938
train,9,68,0.17141205398210174
train,9,69,0.19356762511565304
train,9,70,0.20263073122526148
train,9,71,0.2705572064292864
train,9,72,0.2320108169971417
train,9,73,0.19668307865751689
train,9,74,0.22789339939101877
train,9,75,0.17429443944489412
train,9,76,0.2088807116467972
train,9,77,0.1945022462762362
train,9,78,0.20628098007237797
train,9,79,0.21289431678155663
train,9,80,0.15530547041756085
train,9,81,0.18523123937799144
train,9,82,0.3867328854077441
train,9,83,0.1964737018143784
train,9,84,0.20670166552249036
train,9,85,0.2068060933186201
train,9,86,0.20093639837903102
train,9,87,0.15750486237122147
train,9,88,0.19426412855266614
train,9,89,0.22188083788875307
train,9,90,0.20817147099525712
train,9,91,0.262603592238393
train,9,92,0.24432866936586572
train,9,93,0.24728174425401056
train,9,94,0.1906408263567252
train,9,95,0.1752878577483606
train,9,96,0.18286625298146966
train,9,97,0.22214842097679294
train,9,98,0.2073586337668589
train,9,99,0.31206062582554994
train,9,100,0.19262452654823276
train,9,101,0.24460167474320205
train,9,102,0.21821987541867238
train,9,103,0.21645900142442187
train,9,104,0.16931877307604046
train,9,105,0.236571198217709
train,9,106,0.1911205351114113
train,9,107,0.16673054808005533
train,9,108,0.2373398425380151
train,9,109,0.18231690576041912
train,9,110,0.21716095636196453
train,9,111,0.258061970616725
train,9,112,0.303377369567092
train,9,113,0.24206526313609447
train,9,114,0.23334670049278014
train,9,115,0.3130451054974531
train,9,116,0.23430602773045156
train,9,117,0.270246430165874
train,9,118,0.20820223113164366
train,9,119,0.21580109976181347
train,9,120,0.18588756508192628
train,9,121,0.21077647693318396
train,9,122,0.24837155074463566
train,9,123,0.27358085491577283
train,9,124,0.2585501749763562
train,9,125,0.2604073407471941
train,9,126,0.28761043245951373
train,9,127,0.21923103106875147
train,9,128,0.24938180472530042
train,9,129,0.2684310051928781
train,9,130,0.19113308587950611
train,9,131,0.20184115212973058
train,9,132,0.23295877015537417
train,9,133,0.2763052855403171
train,9,134,0.2092560253287548
train,9,135,0.2876528051451493
train,9,136,0.22169196866987018
train,9,137,0.19287173979943
train,9,138,0.20310261207538172
train,9,139,0.254959675305645
train,9,140,0.22198033603938733
train,9,141,0.3116811109091363
train,9,142,0.3438163132006247
train,9,143,0.1759267509418113
train,9,144,0.20160751158467863
train,9,145,0.2918139985254395
train,9,146,0.237370873108541
train,9,147,0.19568565487528672
train,9,148,0.20221884018777608
train,9,149,0.24094881515640532
train,9,150,0.2672662729025754
train,9,151,0.2415053702277348
train,9,152,0.23652793959818813
train,9,153,0.18988729417733866
train,9,154,0.26329002419953873
train,9,155,0.20682683886557046
train,9,156,0.18140861509216516
train,9,157,0.1726967045959789
train,9,158,0.2014700595438786
train,9,159,0.24938241931331592
train,9,160,0.18793658542775415
train,9,161,0.19344371698203072
train,9,162,0.2233389790880128
train,9,163,0.25319074950372406
train,9,164,0.16955574658971512
train,9,165,0.2761506139836669
train,10,1,0.1937873864967316
train,10,2,0.20152188779445773
train,10,3,0.17525757270551118
train,10,4,0.2093557544537909
train,10,5,0.1927769106189565
train,10,6,0.18859045677535652
train,10,7,0.19208501889152624
train,10,8,0.222217326777032
train,10,9,0.17631649960058782
train,10,10,0.20694396555882422
train,10,11,0.2574674339357561
train,10,12,0.16896541905654786
train,10,13,0.2328729847436362
train,10,14,0.1995927223273961
train,10,15,0.24653659992754923
train,10,16,0.18261922561619684
train,10,17,0.1732060865260459
train,10,18,0.1821409147249073
train,10,19,0.23124850645837433
train,10,20,0.18593288266296193
train,10,21,0.19888059151210657
train,10,22,0.1711923197971184
train,10,23,0.17706776271929978
train,10,24,0.23652947556621418
train,10,25,0.20375199539444255
train,10,26,0.2551923359563786
train,10,27,0.21057946528462973
train,10,28,0.30220431705780093
train,10,29,0.23245774493113353
train,10,30,0.2334027614520201
train,10,31,0.23659681745291777
train,10,32,0.18563439193521197
train,10,33,0.220747225796837
train,10,34,0.26504477927969916
train,10,35,0.2612613000283936
train,10,36,0.22513945793593615
train,10,37,0.16987314064661388
train,10,38,0.16563994666997814
train,10,39,0.21758756571808757
train,10,40,0.20899743148030286
train,10,41,0.2319509723573516
train,10,42,0.23678764115219736
train,10,43,0.2348149095983923
train,10,44,0.26046252788102037
train,10,45,0.19682350942917903
train,10,46,0.2770592663619875
train,10,47,0.2052724385482526
train,10,48,0.2290133129047914
train,10,49,0.235020230801746
train,10,50,0.3011217760187607
train,10,51,0.14320370614574593
train,10,52,0.25565753772938277
train,10,53,0.22726687825126698
train,10,54,0.20740602414780426
train,10,55,0.18624984132443806
train,10,56,0.2550732087171521
train,10,57,0.24276618693986987
train,10,58,0.23018207826345893
train,10,59,0.2158268782017895
train,10,60,0.1978289041465061
train,10,61,0.18101989071599778
train,10,62,0.21531012564194982
train,10,63,0.22854461515111446
train,10,64,0.19159370018068683
train,10,65,0.18149645240167067
train,10,66,0.16413952368157897
train,10,67,0.18578310072694829
train,10,68,0.15968057804651448
train,10,69,0.16820861698462886
train,10,70,0.25649525897773673
train,10,71,0.1938468111681667
train,10,72,0.19437078352247833
train,10,73,0.23078759408505511
train,10,74,0.23851687565910873
train,10,75,0.27520148743610284
train,10,76,0.1825625998537052
train,10,77,0.26042349970954515
train,10,78,0.18897948040253715
train,10,79,0.1923728651217794
train,10,80,0.2047372466126825
train,10,81,0.23853534033933213
train,10,82,0.20631765434225482
train,10,83,0.1859752526410803
train,10,84,0.18512309871772498
train,10,85,0.27308858905742284
train,10,86,0.28592984161357743
train,10,87,0.17199020816976957
train,10,88,0.22012929299595355
train,10,89,0.15416398955382205
train,10,90,0.2153990046850881
train,10,91,0.21664950543874265
train,10,92,0.2337388991724891
train,10,93,0.23176970188177468
train,10,94,0.1826665306137746
train,10,95,0.2869969535815947
train,10,96,0.23056158904574015
train,10,97,0.21937894773879935
train,10,98,0.20946196544978635
train,10,99,0.21331044931202248
train,10,100,0.21252693941199907
train,10,101,0.34041961934635806
train,10,102,0.22996347132183742
train,10,103,0.2971238575027893
train,10,104,0.18154411279584326
train,10,105,0.20425626847967332
train,10,106,0.2151811007466618
train,10,107,0.214413835155553
train,10,108,0.16840712207875103
train,10,109,0.22856478590375107
train,10,110,0.18617987328424768
train,10,111,0.22574069586144035
train,10,112,0.2426040518629434
train,10,113,0.233485857052101
train,10,114,0.21546447718203615
train,10,115,0.22523962729304084
train,10,116,0.1874835286791311
train,10,117,0.2084200498982703
train,10,118,0.17246532616504645
train,10,119,0.21979197288085983
train,10,120,0.19723500790421017
train,10,121,0.187186629062513
train,10,122,0.25271465044574454
train,10,123,0.1870398418746267
train,10,124,0.20580365977845383
train,10,125,0.2105890256948698
train,10,126,0.1733722823802874
train,10,127,0.20994823658398065
train,10,128,0.2229528418503251
train,10,129,0.21067625113391086
train,10,130,0.2777105392859619
train,10,131,0.20841579753601183
train,10,132,0.2901039878939258
train,10,133,0.19869647020384396
train,10,134,0.22151498676314357
train,10,135,0.2873672031303101
train,10,136,0.18236714978951807
train,10,137,0.2675429875835817
train,10,138,0.191179781901203
train,10,139,0.2295037968082638
train,10,140,0.22385507612505692
train,10,141,0.2299168945263781
train,10,142,0.24616026827196813
train,10,143,0.19058549605587172
train,10,144,0.22315768203925676
train,10,145,0.2736095220952674
train,10,146,0.213885731588056
train,10,147,0.17893699390838827
train,10,148,0.28181734199355835
train,10,149,0.11966650953887813
train,10,150,0.25141372374469895
train,10,151,0.1741844399038028
train,10,152,0.23586146179396428
train,10,153,0.20313004817107325
train,10,154,0.2928902021656147
train,10,155,0.16738191287256277
train,10,156,0.235777962889882
train,10,157,0.2507892740915214
train,10,158,0.14797277172546464
train,10,159,0.20645404002332107
train,10,160,0.22216609745099122
train,10,161,0.31171596912654137
train,10,162,0.2313384953595476
train,10,163,0.21123909846399114
train,10,164,0.14838549554969988
train,10,165,0.2285545560459491
